LeagueId;Season;Round;Date;Home;Away;HG;AG;Notes
Australia_NSWLeagueOne_2026;2026;1;2026-02-06;Blacktown Spartans;Hills United;4;1;
Australia_NSWLeagueOne_2026;2026;1;2026-02-06;Hurstville Zagreb;Newcastle Jets U23;0;0;
Australia_NSWLeagueOne_2026;2026;1;2026-02-06;Prospect United;Central Coast Mariners U23;1;1;
Australia_NSWLeagueOne_2026;2026;1;2026-02-07;Bankstown City Lions;Rydalmere Lions;4;5;
Australia_NSWLeagueOne_2026;2026;1;2026-02-07;Bulls Academy;Inter Lions;2;0;
Australia_NSWLeagueOne_2026;2026;1;2026-02-07;Dulwich Hill;Hakoah Sydney;1;1;
Australia_NSWLeagueOne_2026;2026;1;2026-02-07;Northern Tigers;Canterbury Bankstown;3;2;
Australia_NSWLeagueOne_2026;2026;1;2026-02-08;Macarthur Rams;Western City Rangers;3;1;
Australia_NSWLeagueOne_2026;2026;2;2026-02-14;Bankstown City Lions;Hakoah Sydney;1;3;
Australia_NSWLeagueOne_2026;2026;2;2026-02-14;Hills United;Dulwich Hill;2;1;
Australia_NSWLeagueOne_2026;2026;2;2026-02-14;Inter Lions;Canterbury Bankstown;2;5;
Australia_NSWLeagueOne_2026;2026;2;2026-02-14;Newcastle Jets U23;Bulls Academy;1;3;
Australia_NSWLeagueOne_2026;2026;2;2026-02-14;Northern Tigers;Prospect United;3;0;
Australia_NSWLeagueOne_2026;2026;2;2026-02-14;Rydalmere Lions;Hurstville Zagreb;1;1;
Australia_NSWLeagueOne_2026;2026;2;2026-02-14;Western City Rangers;Blacktown Spartans;0;1;
Australia_NSWLeagueOne_2026;2026;2;2026-02-15;Central Coast Mariners U23;Macarthur Rams;2;1;
Australia_NSWLeagueOne_2026;2026;3;2026-02-20;Blacktown Spartans;Hakoah Sydney;1;1;
Australia_NSWLeagueOne_2026;2026;3;2026-02-20;Hurstville Zagreb;Inter Lions;1;0;
Australia_NSWLeagueOne_2026;2026;3;2026-02-21;Bulls Academy;Hills United;1;3;
Australia_NSWLeagueOne_2026;2026;3;2026-02-21;Canterbury Bankstown;Western City Rangers;1;3;
Australia_NSWLeagueOne_2026;2026;3;2026-02-21;Macarthur Rams;Rydalmere Lions;3;3;
Australia_NSWLeagueOne_2026;2026;3;2026-02-21;Northern Tigers;Bankstown City Lions;1;0;
Australia_NSWLeagueOne_2026;2026;3;2026-02-21;Prospect United;Newcastle Jets U23;1;1;
Australia_NSWLeagueOne_2026;2026;3;2026-02-22;Central Coast Mariners U23;Dulwich Hill;2;0;
Australia_NSWLeagueOne_2026;2026;4;2026-02-28;Bankstown City Lions;Blacktown Spartans;3;1;
Australia_NSWLeagueOne_2026;2026;4;2026-02-28;Dulwich Hill;Prospect United;2;2;
Australia_NSWLeagueOne_2026;2026;4;2026-02-28;Hills United;Macarthur Rams;1;2;
Australia_NSWLeagueOne_2026;2026;4;2026-02-28;Inter Lions;Northern Tigers;0;3;
Australia_NSWLeagueOne_2026;2026;4;2026-02-28;Newcastle Jets U23;Canterbury Bankstown;1;4;
Australia_NSWLeagueOne_2026;2026;4;2026-02-28;Rydalmere Lions;Bulls Academy;2;1;
Australia_NSWLeagueOne_2026;2026;4;2026-02-28;Western City Rangers;Hurstville Zagreb;4;3;
Australia_NSWLeagueOne_2026;2026;4;2026-03-01;Hakoah Sydney;Central Coast Mariners U23;2;2;
Australia_NSWLeagueOne_2026;2026;5;2026-03-06;Blacktown Spartans;Dulwich Hill;2;1;
Australia_NSWLeagueOne_2026;2026;5;2026-03-06;Hurstville Zagreb;Bulls Academy;2;4;
Australia_NSWLeagueOne_2026;2026;5;2026-03-07;Canterbury Bankstown;Rydalmere Lions;0;0;
Australia_NSWLeagueOne_2026;2026;5;2026-03-07;Macarthur Rams;Newcastle Jets U23;1;1;
Australia_NSWLeagueOne_2026;2026;5;2026-03-07;Northern Tigers;Hakoah Sydney;2;0;
Australia_NSWLeagueOne_2026;2026;5;2026-03-07;Western City Rangers;Inter Lions;2;1;
Australia_NSWLeagueOne_2026;2026;5;2026-03-08;Central Coast Mariners U23;Bankstown City Lions;1;4;
Australia_NSWLeagueOne_2026;2026;5;2026-03-08;Prospect United;Hills United;2;3;
Australia_NSWLeagueOne_2026;2026;6;2026-03-14;Bankstown City Lions;Western City Rangers;2;1;
Australia_NSWLeagueOne_2026;2026;6;2026-03-14;Bulls Academy;Prospect United;5;0;
Australia_NSWLeagueOne_2026;2026;6;2026-03-14;Dulwich Hill;Northern Tigers;0;5;
Australia_NSWLeagueOne_2026;2026;6;2026-03-14;Hills United;Hurstville Zagreb;3;2;
Australia_NSWLeagueOne_2026;2026;6;2026-03-14;Rydalmere Lions;Blacktown Spartans;2;3;
Australia_NSWLeagueOne_2026;2026;6;2026-03-15;Central Coast Mariners U23;Canterbury Bankstown;1;1;
Australia_NSWLeagueOne_2026;2026;6;2026-03-15;Hakoah Sydney;Macarthur Rams;0;0;
Australia_NSWLeagueOne_2026;2026;6;2026-03-15;Newcastle Jets U23;Inter Lions;5;1;
Australia_NSWLeagueOne_2026;2026;7;2026-03-20;Rydalmere Lions;Central Coast Mariners U23;1;0;
Australia_NSWLeagueOne_2026;2026;7;2026-03-21;Canterbury Bankstown;Hurstville Zagreb;2;4;
Australia_NSWLeagueOne_2026;2026;7;2026-03-21;Dulwich Hill;Bankstown City Lions;0;1;
Australia_NSWLeagueOne_2026;2026;7;2026-03-21;Inter Lions;Macarthur Rams;0;1;
Australia_NSWLeagueOne_2026;2026;7;2026-03-21;Newcastle Jets U23;Blacktown Spartans;3;3;
Australia_NSWLeagueOne_2026;2026;7;2026-03-21;Northern Tigers;Hills United;1;1;
Australia_NSWLeagueOne_2026;2026;7;2026-03-22;Hakoah Sydney;Prospect United;1;2;
Australia_NSWLeagueOne_2026;2026;7;2026-04-08;Western City Rangers;Bulls Academy;0;1;
Australia_NSWLeagueOne_2026;2026;8;2026-03-27;Blacktown Spartans;Central Coast Mariners U23;4;1;
Australia_NSWLeagueOne_2026;2026;8;2026-03-27;Hurstville Zagreb;Hakoah Sydney;1;1;
Australia_NSWLeagueOne_2026;2026;8;2026-03-28;Bankstown City Lions;Macarthur Rams;1;0;
Australia_NSWLeagueOne_2026;2026;8;2026-03-28;Bulls Academy;Dulwich Hill;0;1;
Australia_NSWLeagueOne_2026;2026;8;2026-03-28;Hills United;Inter Lions;0;0;
Australia_NSWLeagueOne_2026;2026;8;2026-03-28;Newcastle Jets U23;Northern Tigers;2;2;
Australia_NSWLeagueOne_2026;2026;8;2026-03-28;Prospect United;Canterbury Bankstown;1;1;
Australia_NSWLeagueOne_2026;2026;8;2026-03-28;Western City Rangers;Rydalmere Lions;0;1;
Australia_NSWLeagueOne_2026;2026;9;2026-04-02;Hakoah Sydney;Hills United;2;0;
Australia_NSWLeagueOne_2026;2026;9;2026-04-04;Bankstown City Lions;Bulls Academy;2;1;
Australia_NSWLeagueOne_2026;2026;9;2026-04-04;Blacktown Spartans;Canterbury Bankstown;2;1;
Australia_NSWLeagueOne_2026;2026;9;2026-04-04;Dulwich Hill;Hurstville Zagreb;3;2;
Australia_NSWLeagueOne_2026;2026;9;2026-04-04;Macarthur Rams;Prospect United;3;0;
Australia_NSWLeagueOne_2026;2026;9;2026-04-04;Newcastle Jets U23;Western City Rangers;4;3;
Australia_NSWLeagueOne_2026;2026;9;2026-04-04;Northern Tigers;Central Coast Mariners U23;1;2;
Australia_NSWLeagueOne_2026;2026;9;2026-04-04;Rydalmere Lions;Inter Lions;1;1;
Australia_NSWLeagueOne_2026;2026;10;2026-04-10;Blacktown Spartans;Northern Tigers;3;2;
Australia_NSWLeagueOne_2026;2026;10;2026-04-10;Prospect United;Inter Lions;1;1;
Australia_NSWLeagueOne_2026;2026;10;2026-04-11;Bulls Academy;Central Coast Mariners U23;2;2;
Australia_NSWLeagueOne_2026;2026;10;2026-04-11;Canterbury Bankstown;Bankstown City Lions;2;1;
Australia_NSWLeagueOne_2026;2026;10;2026-04-11;Hills United;Newcastle Jets U23;1;2;
Australia_NSWLeagueOne_2026;2026;10;2026-04-11;Hurstville Zagreb;Macarthur Rams;2;0;
Australia_NSWLeagueOne_2026;2026;10;2026-04-11;Rydalmere Lions;Hakoah Sydney;3;1;
Australia_NSWLeagueOne_2026;2026;10;2026-04-11;Western City Rangers;Dulwich Hill;1;2;
Australia_NSWLeagueOne_2026;2026;11;2026-04-17;Bankstown City Lions;Hills United;2;0;
Australia_NSWLeagueOne_2026;2026;11;2026-04-17;Blacktown Spartans;Prospect United;4;0;
Australia_NSWLeagueOne_2026;2026;11;2026-04-18;Dulwich Hill;Canterbury Bankstown;0;0;
Australia_NSWLeagueOne_2026;2026;11;2026-04-18;Hakoah Sydney;Western City Rangers;5;1;
Australia_NSWLeagueOne_2026;2026;11;2026-04-18;Inter Lions;Central Coast Mariners U23;1;5;
Australia_NSWLeagueOne_2026;2026;11;2026-04-18;Macarthur Rams;Bulls Academy;1;0;
Australia_NSWLeagueOne_2026;2026;11;2026-04-18;Newcastle Jets U23;Rydalmere Lions;1;2;
Australia_NSWLeagueOne_2026;2026;11;2026-04-18;Northern Tigers;Hurstville Zagreb;1;0;
Australia_NSWLeagueOne_2026;2026;12;2026-04-24;Hurstville Zagreb;Bankstown City Lions;2;3;
Australia_NSWLeagueOne_2026;2026;12;2026-04-25;Bulls Academy;Hakoah Sydney;3;2;
Australia_NSWLeagueOne_2026;2026;12;2026-04-25;Canterbury Bankstown;Hills United;1;2;
Australia_NSWLeagueOne_2026;2026;12;2026-04-25;Inter Lions;Blacktown Spartans;1;2;
Australia_NSWLeagueOne_2026;2026;12;2026-04-25;Macarthur Rams;Dulwich Hill;0;2;
Australia_NSWLeagueOne_2026;2026;12;2026-04-25;Rydalmere Lions;Northern Tigers;0;0;
Australia_NSWLeagueOne_2026;2026;12;2026-04-25;Western City Rangers;Prospect United;0;0;
Australia_NSWLeagueOne_2026;2026;12;2026-04-26;Central Coast Mariners U23;Newcastle Jets U23;2;3;
Australia_NSWLeagueOne_2026;2026;13;2026-05-01;Blacktown Spartans;Macarthur Rams;0;1;
Australia_NSWLeagueOne_2026;2026;13;2026-05-01;Hurstville Zagreb;Central Coast Mariners U23;1;2;
Australia_NSWLeagueOne_2026;2026;13;2026-05-01;Prospect United;Rydalmere Lions;2;2;
Australia_NSWLeagueOne_2026;2026;13;2026-05-02;Bankstown City Lions;Inter Lions;0;3;
Australia_NSWLeagueOne_2026;2026;13;2026-05-02;Dulwich Hill;Newcastle Jets U23;1;1;
Australia_NSWLeagueOne_2026;2026;13;2026-05-02;Hakoah Sydney;Canterbury Bankstown;2;5;
Australia_NSWLeagueOne_2026;2026;13;2026-05-02;Hills United;Western City Rangers;2;1;
Australia_NSWLeagueOne_2026;2026;13;2026-05-02;Northern Tigers;Bulls Academy;1;0;
Australia_NSWLeagueOne_2026;2026;14;2026-05-08;Hurstville Zagreb;Blacktown Spartans;2;2;
Australia_NSWLeagueOne_2026;2026;14;2026-05-08;Prospect United;Bankstown City Lions;0;1;
Australia_NSWLeagueOne_2026;2026;14;2026-05-09;Canterbury Bankstown;Bulls Academy;1;3;
Australia_NSWLeagueOne_2026;2026;14;2026-05-09;Inter Lions;Dulwich Hill;2;0;
Australia_NSWLeagueOne_2026;2026;14;2026-05-09;Macarthur Rams;Northern Tigers;2;2;
Australia_NSWLeagueOne_2026;2026;14;2026-05-09;Newcastle Jets U23;Hakoah Sydney;3;5;
Australia_NSWLeagueOne_2026;2026;14;2026-05-09;Rydalmere Lions;Hills United;1;2;
Australia_NSWLeagueOne_2026;2026;14;2026-05-09;Western City Rangers;Central Coast Mariners U23;0;4;
Australia_NSWLeagueOne_2026;2026;15;2026-05-15;Bankstown City Lions;Newcastle Jets U23;1;3;
Australia_NSWLeagueOne_2026;2026;15;2026-05-15;Blacktown Spartans;Bulls Academy;3;2;
Australia_NSWLeagueOne_2026;2026;15;2026-05-15;Hurstville Zagreb;Prospect United;2;1;
Australia_NSWLeagueOne_2026;2026;15;2026-05-16;Dulwich Hill;Rydalmere Lions;2;1;
Australia_NSWLeagueOne_2026;2026;15;2026-05-16;Hakoah Sydney;Inter Lions;1;3;
Australia_NSWLeagueOne_2026;2026;15;2026-05-16;Macarthur Rams;Canterbury Bankstown;0;2;
Australia_NSWLeagueOne_2026;2026;15;2026-05-16;Northern Tigers;Western City Rangers;1;1;
Australia_NSWLeagueOne_2026;2026;15;2026-05-17;Central Coast Mariners U23;Hills United;5;3;
Australia_NSWLeagueOne_2026;2026;16;2026-05-23;Canterbury Bankstown;Northern Tigers;2;1;
Australia_NSWLeagueOne_2026;2026;16;2026-05-23;Hakoah Sydney;Dulwich Hill;4;2;
Australia_NSWLeagueOne_2026;2026;16;2026-05-23;Hills United;Blacktown Spartans;1;1;
Australia_NSWLeagueOne_2026;2026;16;2026-05-23;Inter Lions;Bulls Academy;2;1;
Australia_NSWLeagueOne_2026;2026;16;2026-05-23;Newcastle Jets U23;Hurstville Zagreb;0;1;
Australia_NSWLeagueOne_2026;2026;16;2026-05-23;Rydalmere Lions;Bankstown City Lions;2;2;
Australia_NSWLeagueOne_2026;2026;16;2026-05-23;Western City Rangers;Macarthur Rams;0;2;
Australia_NSWLeagueOne_2026;2026;16;2026-05-24;Central Coast Mariners U23;Prospect United;2;4;
Australia_NSWLeagueOne_2026;2026;17;2026-05-29;Blacktown Spartans;Western City Rangers;4;1;
Australia_NSWLeagueOne_2026;2026;17;2026-05-30;Bulls Academy;Newcastle Jets U23;1;0;
Australia_NSWLeagueOne_2026;2026;17;2026-05-30;Canterbury Bankstown;Inter Lions;4;2;
Australia_NSWLeagueOne_2026;2026;17;2026-05-30;Dulwich Hill;Hills United;0;6;
Australia_NSWLeagueOne_2026;2026;17;2026-05-30;Hakoah Sydney;Bankstown City Lions;1;2;
Australia_NSWLeagueOne_2026;2026;17;2026-05-30;Hurstville Zagreb;Rydalmere Lions;1;0;
Australia_NSWLeagueOne_2026;2026;17;2026-05-30;Macarthur Rams;Central Coast Mariners U23;1;0;
Australia_NSWLeagueOne_2026;2026;17;2026-05-31;Prospect United;Northern Tigers;0;3;
Australia_NSWLeagueOne_2026;2026;18;2026-06-05;Hills United;Bulls Academy;2;2;
Australia_NSWLeagueOne_2026;2026;18;2026-06-06;Bankstown City Lions;Northern Tigers;1;1;
Australia_NSWLeagueOne_2026;2026;18;2026-06-06;Dulwich Hill;Central Coast Mariners U23;1;1;
Australia_NSWLeagueOne_2026;2026;18;2026-06-06;Hakoah Sydney;Blacktown Spartans;2;1;
Australia_NSWLeagueOne_2026;2026;18;2026-06-06;Inter Lions;Hurstville Zagreb;2;1;
Australia_NSWLeagueOne_2026;2026;18;2026-06-06;Newcastle Jets U23;Prospect United;2;2;
Australia_NSWLeagueOne_2026;2026;18;2026-06-06;Rydalmere Lions;Macarthur Rams;0;1;
Australia_NSWLeagueOne_2026;2026;18;2026-06-06;Western City Rangers;Canterbury Bankstown;1;1;
Australia_NSWLeagueOne_2026;2026;19;2026-06-12;Blacktown Spartans;Bankstown City Lions;4;1;
Australia_NSWLeagueOne_2026;2026;19;2026-06-12;Central Coast Mariners U23;Hakoah Sydney;2;2;
Australia_NSWLeagueOne_2026;2026;19;2026-06-13;Bulls Academy;Rydalmere Lions;0;1;
Australia_NSWLeagueOne_2026;2026;19;2026-06-13;Canterbury Bankstown;Newcastle Jets U23;6;5;
Australia_NSWLeagueOne_2026;2026;19;2026-06-13;Hurstville Zagreb;Western City Rangers;1;1;
Australia_NSWLeagueOne_2026;2026;19;2026-06-13;Macarthur Rams;Hills United;2;3;
Australia_NSWLeagueOne_2026;2026;19;2026-06-13;Northern Tigers;Inter Lions;1;0;
Australia_NSWLeagueOne_2026;2026;19;2026-06-14;Prospect United;Dulwich Hill;0;0;
Australia_NSWLeagueOne_2026;2026;20;2026-06-20;Bankstown City Lions;Central Coast Mariners U23;2;1;
Australia_NSWLeagueOne_2026;2026;20;2026-06-20;Bulls Academy;Hurstville Zagreb;4;1;
Australia_NSWLeagueOne_2026;2026;20;2026-06-20;Dulwich Hill;Blacktown Spartans;1;1;
Australia_NSWLeagueOne_2026;2026;20;2026-06-20;Hakoah Sydney;Northern Tigers;1;0;
Australia_NSWLeagueOne_2026;2026;20;2026-06-20;Hills United;Prospect United;0;0;
Australia_NSWLeagueOne_2026;2026;20;2026-06-20;Inter Lions;Western City Rangers;1;0;
Australia_NSWLeagueOne_2026;2026;20;2026-06-20;Newcastle Jets U23;Macarthur Rams;0;1;
Australia_NSWLeagueOne_2026;2026;20;2026-06-20;Rydalmere Lions;Canterbury Bankstown;1;5;
Australia_QueenslandPremierLeague_2026;2026;1;2026-02-20;Holland Park Hawks;Logan Lightning;2;0;
Australia_QueenslandPremierLeague_2026;2026;1;2026-02-21;Sunshine Coast Wanderers;Redlands;1;1;
Australia_QueenslandPremierLeague_2026;2026;1;2026-02-21;Robina City;Ipswich;4;0;
Australia_QueenslandPremierLeague_2026;2026;1;2026-02-21;Capalaba;Caboolture;1;3;
Australia_QueenslandPremierLeague_2026;2026;1;2026-02-21;St. George Willawong;Broadbeach Utd.;1;5;
Australia_QueenslandPremierLeague_2026;2026;1;2026-02-21;Brisbane Strikers;North Star;1;1;
Australia_QueenslandPremierLeague_2026;2026;2;2026-02-27;Ipswich;St. George Willawong;1;0;
Australia_QueenslandPremierLeague_2026;2026;2;2026-02-28;Sunshine Coast Wanderers;Holland Park Hawks;1;1;
Australia_QueenslandPremierLeague_2026;2026;2;2026-02-28;Caboolture;Robina City;3;1;
Australia_QueenslandPremierLeague_2026;2026;2;2026-02-28;Logan Lightning;North Star;4;0;
Australia_QueenslandPremierLeague_2026;2026;2;2026-02-28;Capalaba;Brisbane Strikers;0;2;
Australia_QueenslandPremierLeague_2026;2026;2;2026-03-01;Redlands;Broadbeach Utd.;1;4;
Australia_QueenslandPremierLeague_2026;2026;3;2026-03-06;Redlands;St. George Willawong;0;2;
Australia_QueenslandPremierLeague_2026;2026;3;2026-03-07;Robina City;Brisbane Strikers;2;3;
Australia_QueenslandPremierLeague_2026;2026;3;2026-03-07;Ipswich;Caboolture;3;1;
Australia_QueenslandPremierLeague_2026;2026;3;2026-03-07;Holland Park Hawks;Broadbeach Utd.;1;2;
Australia_QueenslandPremierLeague_2026;2026;3;2026-03-07;Capalaba;Logan Lightning;1;3;
Australia_QueenslandPremierLeague_2026;2026;3;2026-03-07;North Star;Sunshine Coast Wanderers;1;2;
Australia_QueenslandPremierLeague_2026;2026;4;2026-03-14;Ipswich;Redlands;0;1;
Australia_QueenslandPremierLeague_2026;2026;4;2026-03-14;Logan Lightning;Robina City;1;1;
Australia_QueenslandPremierLeague_2026;2026;4;2026-03-14;Sunshine Coast Wanderers;Capalaba;1;1;
Australia_QueenslandPremierLeague_2026;2026;4;2026-03-15;Broadbeach Utd.;North Star;0;0;
Australia_QueenslandPremierLeague_2026;2026;4;2026-03-15;St. George Willawong;Holland Park Hawks;0;1;
Australia_QueenslandPremierLeague_2026;2026;4;2026-03-24;Brisbane Strikers;Caboolture;2;0;
Australia_QueenslandPremierLeague_2026;2026;5;2026-03-20;Redlands;Holland Park Hawks;3;2;
Australia_QueenslandPremierLeague_2026;2026;5;2026-03-20;North Star;St. George Willawong;1;0;
Australia_QueenslandPremierLeague_2026;2026;5;2026-03-21;Robina City;Sunshine Coast Wanderers;1;2;
Australia_QueenslandPremierLeague_2026;2026;5;2026-03-21;Ipswich;Brisbane Strikers;0;0;
Australia_QueenslandPremierLeague_2026;2026;5;2026-03-21;Caboolture;Logan Lightning;2;2;
Australia_QueenslandPremierLeague_2026;2026;5;2026-03-22;Capalaba;Broadbeach Utd.;2;5;
Australia_QueenslandPremierLeague_2026;2026;6;2026-03-27;Sunshine Coast Wanderers;Caboolture;1;2;
Australia_QueenslandPremierLeague_2026;2026;6;2026-03-27;Broadbeach Utd.;Robina City;3;2;
Australia_QueenslandPremierLeague_2026;2026;6;2026-03-28;Holland Park Hawks;Ipswich;1;3;
Australia_QueenslandPremierLeague_2026;2026;6;2026-03-28;St. George Willawong;Capalaba;0;1;
Australia_QueenslandPremierLeague_2026;2026;6;2026-03-28;Redlands;North Star;5;0;
Australia_QueenslandPremierLeague_2026;2026;6;2026-03-28;Logan Lightning;Brisbane Strikers;2;4;
Australia_QueenslandPremierLeague_2026;2026;7;2026-04-10;Ipswich;Logan Lightning;2;0;
Australia_QueenslandPremierLeague_2026;2026;7;2026-04-10;Capalaba;Redlands;2;1;
Australia_QueenslandPremierLeague_2026;2026;7;2026-04-11;Robina City;St. George Willawong;4;0;
Australia_QueenslandPremierLeague_2026;2026;7;2026-04-11;Brisbane Strikers;Sunshine Coast Wanderers;3;0;
Australia_QueenslandPremierLeague_2026;2026;7;2026-04-11;Caboolture;Broadbeach Utd.;2;3;
Australia_QueenslandPremierLeague_2026;2026;7;2026-04-12;North Star;Holland Park Hawks;1;2;
Australia_QueenslandPremierLeague_2026;2026;8;2026-04-17;Holland Park Hawks;Capalaba;2;2;
Australia_QueenslandPremierLeague_2026;2026;8;2026-04-18;Caboolture;St. George Willawong;1;1;
Australia_QueenslandPremierLeague_2026;2026;8;2026-04-18;North Star;Ipswich;1;2;
Australia_QueenslandPremierLeague_2026;2026;8;2026-04-18;Redlands;Robina City;2;2;
Australia_QueenslandPremierLeague_2026;2026;8;2026-04-18;Broadbeach Utd.;Brisbane Strikers;2;1;
Australia_QueenslandPremierLeague_2026;2026;8;2026-04-19;Sunshine Coast Wanderers;Logan Lightning;5;2;
Australia_QueenslandPremierLeague_2026;2026;9;2026-04-24;Capalaba;North Star;2;3;
Australia_QueenslandPremierLeague_2026;2026;9;2026-04-24;Brisbane Strikers;St. George Willawong;2;0;
Australia_QueenslandPremierLeague_2026;2026;9;2026-04-25;Ipswich;Sunshine Coast Wanderers;1;1;
Australia_QueenslandPremierLeague_2026;2026;9;2026-04-25;Caboolture;Redlands;2;4;
Australia_QueenslandPremierLeague_2026;2026;9;2026-05-02;Logan Lightning;Broadbeach Utd.;0;4;
Australia_QueenslandPremierLeague_2026;2026;9;2026-06-13;Robina City;Holland Park Hawks;1;0;
Australia_QueenslandPremierLeague_2026;2026;10;2026-05-08;Redlands;Brisbane Strikers;1;1;
Australia_QueenslandPremierLeague_2026;2026;10;2026-05-09;Holland Park Hawks;Caboolture;3;5;
Australia_QueenslandPremierLeague_2026;2026;10;2026-05-09;Broadbeach Utd.;Sunshine Coast Wanderers;3;0;
Australia_QueenslandPremierLeague_2026;2026;10;2026-05-10;Robina City;North Star;3;1;
Australia_QueenslandPremierLeague_2026;2026;10;2026-05-10;Capalaba;Ipswich;2;4;
Australia_QueenslandPremierLeague_2026;2026;10;2026-05-10;St. George Willawong;Logan Lightning;0;2;
Australia_QueenslandPremierLeague_2026;2026;11;2026-05-15;Caboolture;North Star;2;3;
Australia_QueenslandPremierLeague_2026;2026;11;2026-05-16;Brisbane Strikers;Holland Park Hawks;3;2;
Australia_QueenslandPremierLeague_2026;2026;11;2026-05-16;Ipswich;Broadbeach Utd.;2;2;
Australia_QueenslandPremierLeague_2026;2026;11;2026-06-03;Sunshine Coast Wanderers;St. George Willawong;8;0;
Australia_QueenslandPremierLeague_2026;2026;11;2026-06-23;Robina City;Capalaba;5;1;
Australia_QueenslandPremierLeague_2026;2026;12;2026-05-23;North Star;Logan Lightning;1;3;
Australia_QueenslandPremierLeague_2026;2026;12;2026-05-23;Holland Park Hawks;Sunshine Coast Wanderers;3;2;
Australia_QueenslandPremierLeague_2026;2026;12;2026-05-23;Broadbeach Utd.;Redlands;2;0;
Australia_QueenslandPremierLeague_2026;2026;12;2026-05-23;Brisbane Strikers;Capalaba;8;0;
Australia_QueenslandPremierLeague_2026;2026;12;2026-05-24;Robina City;Caboolture;0;1;
Australia_QueenslandPremierLeague_2026;2026;12;2026-05-24;St. George Willawong;Ipswich;0;4;
Australia_QueenslandPremierLeague_2026;2026;13;2026-05-30;Caboolture;Capalaba;2;1;
Australia_QueenslandPremierLeague_2026;2026;13;2026-06-02;North Star;Brisbane Strikers;1;3;
Australia_QueenslandPremierLeague_2026;2026;13;2026-06-09;Ipswich;Robina City;0;1;
Australia_QueenslandPremierLeague_2026;2026;13;2026-06-13;Broadbeach Utd.;St. George Willawong;4;1;
Australia_QueenslandPremierLeague_2026;2026;13;2026-06-16;Redlands;Sunshine Coast Wanderers;2;4;
Australia_QueenslandPremierLeague_2026;2026;13;2026-06-23;Logan Lightning;Holland Park Hawks;2;3;
Australia_QueenslandPremierLeague_2026;2026;14;2026-06-05;Logan Lightning;Capalaba;1;0;
Australia_QueenslandPremierLeague_2026;2026;14;2026-06-06;Brisbane Strikers;Robina City;3;0;
Australia_QueenslandPremierLeague_2026;2026;14;2026-06-06;Sunshine Coast Wanderers;North Star;1;0;
Australia_QueenslandPremierLeague_2026;2026;14;2026-06-06;Caboolture;Ipswich;1;2;
Australia_QueenslandPremierLeague_2026;2026;14;2026-06-06;Broadbeach Utd.;Holland Park Hawks;1;0;
Australia_QueenslandPremierLeague_2026;2026;14;2026-06-07;St. George Willawong;Redlands;0;3;
Australia_QueenslandPremierLeague_2026;2026;15;2026-06-19;Holland Park Hawks;St. George Willawong;2;1;
Australia_QueenslandPremierLeague_2026;2026;15;2026-06-19;Caboolture;Brisbane Strikers;1;2;
Australia_QueenslandPremierLeague_2026;2026;15;2026-06-20;Robina City;Logan Lightning;1;0;
Australia_QueenslandPremierLeague_2026;2026;15;2026-06-20;Capalaba;Sunshine Coast Wanderers;0;5;
Australia_QueenslandPremierLeague_2026;2026;15;2026-06-20;Redlands;Ipswich;5;0;
Australia_QueenslandPremierLeague_2026;2026;15;2026-06-20;North Star;Broadbeach Utd.;1;3;
Australia_SAStateLeague_2026;2026;1;2026-02-28;Salisbury Utd.;Cumberland Utd.;1;1;
Australia_SAStateLeague_2026;2026;1;2026-02-28;Modbury;Adelaide Croatia Raiders;3;1;
Australia_SAStateLeague_2026;2026;1;2026-02-28;Fulham Utd.;Adelaide Olympic;2;3;
Australia_SAStateLeague_2026;2026;1;2026-02-28;Adelaide Atletico;Adelaide Cobras;1;2;
Australia_SAStateLeague_2026;2026;1;2026-02-28;Eastern United;South Adelaide;5;2;
Australia_SAStateLeague_2026;2026;1;2026-03-02;Blue Eagles;Cove FC;1;1;
Australia_SAStateLeague_2026;2026;2;2026-03-07;Fulham Utd.;Modbury;1;1;
Australia_SAStateLeague_2026;2026;2;2026-03-07;Cove FC;Eastern United;4;0;
Australia_SAStateLeague_2026;2026;2;2026-03-07;Adelaide Croatia Raiders;Salisbury Utd.;2;0;
Australia_SAStateLeague_2026;2026;2;2026-03-07;Cumberland Utd.;Adelaide Atletico;1;2;
Australia_SAStateLeague_2026;2026;2;2026-03-07;Adelaide Cobras;South Adelaide;4;0;
Australia_SAStateLeague_2026;2026;2;2026-04-24;Adelaide Olympic;Blue Eagles;3;0;
Australia_SAStateLeague_2026;2026;3;2026-03-13;Cumberland Utd.;Adelaide Cobras;0;2;
Australia_SAStateLeague_2026;2026;3;2026-03-13;Adelaide Olympic;Eastern United;2;1;
Australia_SAStateLeague_2026;2026;3;2026-03-14;South Adelaide;Adelaide Croatia Raiders;0;3;
Australia_SAStateLeague_2026;2026;3;2026-03-14;Salisbury Utd.;Blue Eagles;2;0;
Australia_SAStateLeague_2026;2026;3;2026-03-14;Modbury;Cove FC;5;0;
Australia_SAStateLeague_2026;2026;3;2026-03-14;Adelaide Atletico;Fulham Utd.;3;0;
Australia_SAStateLeague_2026;2026;4;2026-03-20;Adelaide Croatia Raiders;Adelaide Atletico;5;0;
Australia_SAStateLeague_2026;2026;4;2026-03-20;Eastern United;Adelaide Cobras;2;4;
Australia_SAStateLeague_2026;2026;4;2026-03-21;South Adelaide;Cumberland Utd.;0;5;
Australia_SAStateLeague_2026;2026;4;2026-03-21;Salisbury Utd.;Fulham Utd.;1;2;
Australia_SAStateLeague_2026;2026;4;2026-03-21;Cove FC;Adelaide Olympic;3;2;
Australia_SAStateLeague_2026;2026;5;2026-03-27;Cumberland Utd.;Eastern United;4;2;
Australia_SAStateLeague_2026;2026;5;2026-03-27;Adelaide Olympic;Modbury;1;1;
Australia_SAStateLeague_2026;2026;5;2026-03-28;Fulham Utd.;South Adelaide;6;1;
Australia_SAStateLeague_2026;2026;5;2026-03-28;Blue Eagles;Adelaide Atletico;1;1;
Australia_SAStateLeague_2026;2026;5;2026-03-28;Cove FC;Salisbury Utd.;2;2;
Australia_SAStateLeague_2026;2026;5;2026-03-28;Adelaide Cobras;Adelaide Croatia Raiders;0;3;
Australia_SAStateLeague_2026;2026;6;2026-04-10;Adelaide Croatia Raiders;Cumberland Utd.;0;1;
Australia_SAStateLeague_2026;2026;6;2026-04-11;South Adelaide;Blue Eagles;2;1;
Australia_SAStateLeague_2026;2026;6;2026-04-11;Salisbury Utd.;Adelaide Olympic;1;4;
Australia_SAStateLeague_2026;2026;6;2026-04-11;Modbury;Eastern United;3;0;
Australia_SAStateLeague_2026;2026;6;2026-04-11;Fulham Utd.;Adelaide Cobras;4;0;
Australia_SAStateLeague_2026;2026;6;2026-04-11;Adelaide Atletico;Cove FC;4;0;
Australia_SAStateLeague_2026;2026;7;2026-04-17;Adelaide Olympic;Adelaide Atletico;1;2;
Australia_SAStateLeague_2026;2026;7;2026-04-17;Eastern United;Adelaide Croatia Raiders;0;2;
Australia_SAStateLeague_2026;2026;7;2026-04-18;Modbury;Salisbury Utd.;3;0;
Australia_SAStateLeague_2026;2026;7;2026-04-18;Cumberland Utd.;Fulham Utd.;1;2;
Australia_SAStateLeague_2026;2026;7;2026-04-18;Cove FC;South Adelaide;2;1;
Australia_SAStateLeague_2026;2026;7;2026-04-18;Adelaide Cobras;Blue Eagles;2;3;
Australia_SAStateLeague_2026;2026;8;2026-05-02;South Adelaide;Adelaide Olympic;2;0;
Australia_SAStateLeague_2026;2026;8;2026-05-02;Salisbury Utd.;Eastern United;2;3;
Australia_SAStateLeague_2026;2026;8;2026-05-02;Fulham Utd.;Adelaide Croatia Raiders;4;2;
Australia_SAStateLeague_2026;2026;8;2026-05-02;Blue Eagles;Cumberland Utd.;2;0;
Australia_SAStateLeague_2026;2026;8;2026-05-02;Adelaide Cobras;Cove FC;1;2;
Australia_SAStateLeague_2026;2026;8;2026-05-02;Adelaide Atletico;Modbury;1;2;
Australia_SAStateLeague_2026;2026;9;2026-05-08;Cumberland Utd.;Cove FC;0;2;
Australia_SAStateLeague_2026;2026;9;2026-05-08;Adelaide Olympic;Adelaide Cobras;2;0;
Australia_SAStateLeague_2026;2026;9;2026-05-08;Eastern United;Fulham Utd.;0;0;
Australia_SAStateLeague_2026;2026;9;2026-05-09;Salisbury Utd.;Adelaide Atletico;1;2;
Australia_SAStateLeague_2026;2026;9;2026-05-09;Modbury;South Adelaide;4;1;
Australia_SAStateLeague_2026;2026;9;2026-05-09;Adelaide Croatia Raiders;Blue Eagles;3;4;
Australia_SAStateLeague_2026;2026;10;2026-05-16;South Adelaide;Salisbury Utd.;2;0;
Australia_SAStateLeague_2026;2026;10;2026-05-16;Blue Eagles;Fulham Utd.;3;1;
Australia_SAStateLeague_2026;2026;10;2026-05-16;Adelaide Atletico;Eastern United;5;0;
Australia_SAStateLeague_2026;2026;10;2026-05-16;Cove FC;Adelaide Croatia Raiders;1;1;
Australia_SAStateLeague_2026;2026;10;2026-05-17;Adelaide Olympic;Cumberland Utd.;2;1;
Australia_SAStateLeague_2026;2026;10;2026-05-19;Adelaide Cobras;Modbury;0;2;
Australia_SAStateLeague_2026;2026;11;2026-05-22;Eastern United;Blue Eagles;0;1;
Australia_SAStateLeague_2026;2026;11;2026-05-23;Salisbury Utd.;Adelaide Cobras;2;1;
Australia_SAStateLeague_2026;2026;11;2026-05-23;Modbury;Cumberland Utd.;0;1;
Australia_SAStateLeague_2026;2026;11;2026-05-23;Fulham Utd.;Cove FC;3;2;
Australia_SAStateLeague_2026;2026;11;2026-05-23;Adelaide Croatia Raiders;Adelaide Olympic;3;1;
Australia_SAStateLeague_2026;2026;11;2026-05-23;Adelaide Atletico;South Adelaide;1;1;
Australia_SAStateLeague_2026;2026;12;2026-05-29;Adelaide Olympic;Fulham Utd.;4;0;
Australia_SAStateLeague_2026;2026;12;2026-05-30;South Adelaide;Eastern United;1;1;
Australia_SAStateLeague_2026;2026;12;2026-05-30;Cumberland Utd.;Salisbury Utd.;4;3;
Australia_SAStateLeague_2026;2026;12;2026-05-30;Adelaide Croatia Raiders;Modbury;3;1;
Australia_SAStateLeague_2026;2026;12;2026-05-30;Adelaide Cobras;Adelaide Atletico;2;3;
Australia_SAStateLeague_2026;2026;12;2026-05-30;Cove FC;Blue Eagles;1;3;
Australia_SAStateLeague_2026;2026;13;2026-06-05;Modbury;Fulham Utd.;0;2;
Australia_SAStateLeague_2026;2026;13;2026-06-05;Eastern United;Cove FC;1;0;
Australia_SAStateLeague_2026;2026;13;2026-06-06;South Adelaide;Adelaide Cobras;0;2;
Australia_SAStateLeague_2026;2026;13;2026-06-06;Salisbury Utd.;Adelaide Croatia Raiders;4;3;
Australia_SAStateLeague_2026;2026;13;2026-06-06;Blue Eagles;Adelaide Olympic;1;2;
Australia_SAStateLeague_2026;2026;13;2026-06-06;Adelaide Atletico;Cumberland Utd.;2;1;
Australia_SAStateLeague_2026;2026;14;2026-06-12;Eastern United;Adelaide Olympic;2;1;
Australia_SAStateLeague_2026;2026;14;2026-06-13;Fulham Utd.;Adelaide Atletico;4;1;
Australia_SAStateLeague_2026;2026;14;2026-06-13;Blue Eagles;Salisbury Utd.;3;0;
Australia_SAStateLeague_2026;2026;14;2026-06-13;Adelaide Croatia Raiders;South Adelaide;3;2;
Australia_SAStateLeague_2026;2026;14;2026-06-13;Adelaide Cobras;Cumberland Utd.;0;2;
Australia_SAStateLeague_2026;2026;15;2026-06-20;Modbury;Blue Eagles;1;1;
Australia_SAStateLeague_2026;2026;15;2026-06-20;Fulham Utd.;Salisbury Utd.;2;2;
Australia_SAStateLeague_2026;2026;15;2026-06-20;Cumberland Utd.;South Adelaide;5;1;
Australia_SAStateLeague_2026;2026;15;2026-06-20;Adelaide Olympic;Cove FC;2;0;
Australia_SAStateLeague_2026;2026;15;2026-06-20;Adelaide Cobras;Eastern United;1;1;
Australia_SAStateLeague_2026;2026;15;2026-06-20;Adelaide Atletico;Adelaide Croatia Raiders;1;3;
Australia_TasmaniaSouthernChampionship_2026;2026;1;2026-03-13;Glenorchy Knights U21;Hobart City;2;2;
Australia_TasmaniaSouthernChampionship_2026;2026;1;2026-03-14;South Hobart U21;Clarence Zebras U21;4;5;
Australia_TasmaniaSouthernChampionship_2026;2026;1;2026-03-14;University of Tasmania;Hobart Utd.;0;5;
Australia_TasmaniaSouthernChampionship_2026;2026;1;2026-03-14;Taroona;New Town;2;5;
Australia_TasmaniaSouthernChampionship_2026;2026;1;2026-03-15;South East Utd. U21;Olympia Warriors;1;5;
Australia_TasmaniaSouthernChampionship_2026;2026;2;2026-03-20;Hobart Utd.;New Town;0;10;
Australia_TasmaniaSouthernChampionship_2026;2026;2;2026-03-21;University of Tasmania;Clarence Zebras U21;2;3;
Australia_TasmaniaSouthernChampionship_2026;2026;2;2026-03-21;Taroona;Hobart City;3;0;
Australia_TasmaniaSouthernChampionship_2026;2026;2;2026-03-21;Glenorchy Knights U21;South East Utd. U21;19;2;
Australia_TasmaniaSouthernChampionship_2026;2026;2;2026-03-22;South Hobart U21;Olympia Warriors;5;1;
Australia_TasmaniaSouthernChampionship_2026;2026;3;2026-03-28;New Town;Hobart City;1;1;
Australia_TasmaniaSouthernChampionship_2026;2026;3;2026-03-28;University of Tasmania;Olympia Warriors;3;5;
Australia_TasmaniaSouthernChampionship_2026;2026;3;2026-03-28;Hobart Utd.;Clarence Zebras U21;1;5;
Australia_TasmaniaSouthernChampionship_2026;2026;3;2026-03-28;Glenorchy Knights U21;South Hobart U21;2;4;
Australia_TasmaniaSouthernChampionship_2026;2026;3;2026-03-29;South East Utd. U21;Taroona;0;6;
Australia_TasmaniaSouthernChampionship_2026;2026;4;2026-04-10;Olympia Warriors;New Town;1;2;
Australia_TasmaniaSouthernChampionship_2026;2026;4;2026-04-11;South Hobart U21;South East Utd. U21;11;0;
Australia_TasmaniaSouthernChampionship_2026;2026;4;2026-04-11;University of Tasmania;Hobart City;3;4;
Australia_TasmaniaSouthernChampionship_2026;2026;4;2026-04-11;Hobart Utd.;Taroona;0;7;
Australia_TasmaniaSouthernChampionship_2026;2026;4;2026-04-11;Clarence Zebras U21;Glenorchy Knights U21;4;1;
Australia_TasmaniaSouthernChampionship_2026;2026;5;2026-04-17;Olympia Warriors;Glenorchy Knights U21;4;1;
Australia_TasmaniaSouthernChampionship_2026;2026;5;2026-04-18;Taroona;Clarence Zebras U21;5;0;
Australia_TasmaniaSouthernChampionship_2026;2026;5;2026-04-18;South East Utd. U21;University of Tasmania;0;3;Awarded match
Australia_TasmaniaSouthernChampionship_2026;2026;5;2026-04-18;Hobart City;Hobart Utd.;5;0;
Australia_TasmaniaSouthernChampionship_2026;2026;5;2026-04-19;South Hobart U21;New Town;1;1;
Australia_TasmaniaSouthernChampionship_2026;2026;6;2026-05-01;Olympia Warriors;Taroona;3;2;
Australia_TasmaniaSouthernChampionship_2026;2026;6;2026-05-01;Glenorchy Knights U21;New Town;1;5;
Australia_TasmaniaSouthernChampionship_2026;2026;6;2026-05-02;University of Tasmania;South Hobart U21;3;6;
Australia_TasmaniaSouthernChampionship_2026;2026;6;2026-05-02;Clarence Zebras U21;Hobart City;3;1;
Australia_TasmaniaSouthernChampionship_2026;2026;6;2026-05-03;South East Utd. U21;Hobart Utd.;3;6;
Australia_TasmaniaSouthernChampionship_2026;2026;7;2026-05-09;University of Tasmania;Glenorchy Knights U21;1;2;
Australia_TasmaniaSouthernChampionship_2026;2026;7;2026-05-09;Taroona;South Hobart U21;2;3;
Australia_TasmaniaSouthernChampionship_2026;2026;7;2026-05-09;Hobart Utd.;Olympia Warriors;0;6;
Australia_TasmaniaSouthernChampionship_2026;2026;7;2026-05-10;New Town;Clarence Zebras U21;6;1;
Australia_TasmaniaSouthernChampionship_2026;2026;8;2026-05-23;Taroona;University of Tasmania;10;0;
Australia_TasmaniaSouthernChampionship_2026;2026;8;2026-05-23;Clarence Zebras U21;Olympia Warriors;0;2;
Australia_TasmaniaSouthernChampionship_2026;2026;8;2026-05-23;Hobart Utd.;Glenorchy Knights U21;5;0;
Australia_TasmaniaSouthernChampionship_2026;2026;8;2026-05-23;Hobart City;South Hobart U21;3;2;
Australia_TasmaniaSouthernChampionship_2026;2026;9;2026-05-29;Glenorchy Knights U21;Taroona;2;2;
Australia_TasmaniaSouthernChampionship_2026;2026;9;2026-05-30;University of Tasmania;New Town;1;1;
Australia_TasmaniaSouthernChampionship_2026;2026;9;2026-05-30;Hobart City;Olympia Warriors;3;1;
Australia_TasmaniaSouthernChampionship_2026;2026;9;2026-05-31;South Hobart U21;Hobart Utd.;13;0;
Australia_TasmaniaSouthernChampionship_2026;2026;10;2026-06-13;New Town;Taroona;0;1;
Australia_TasmaniaSouthernChampionship_2026;2026;10;2026-06-13;Hobart Utd.;University of Tasmania;2;3;
Australia_TasmaniaSouthernChampionship_2026;2026;10;2026-06-13;Hobart City;Glenorchy Knights U21;3;1;
Australia_TasmaniaSouthernChampionship_2026;2026;10;2026-06-13;Clarence Zebras U21;South Hobart U21;1;3;
Australia_TasmaniaSouthernChampionship_2026;2026;11;2026-06-19;Olympia Warriors;South Hobart U21;2;1;
Australia_TasmaniaSouthernChampionship_2026;2026;11;2026-06-20;New Town;Hobart Utd.;6;3;
Australia_TasmaniaSouthernChampionship_2026;2026;11;2026-06-20;Hobart City;Taroona;2;2;
Australia_TasmaniaSouthernChampionship_2026;2026;11;2026-06-21;Clarence Zebras U21;University of Tasmania;1;4;
Australia_VictoriaPremierLeague2_2026;2026;1;2026-02-13;Nunawading City;Essendon Royals SC;3;2;
Australia_VictoriaPremierLeague2_2026;2026;1;2026-02-13;Eastern Lions;Keilor Park;1;0;
Australia_VictoriaPremierLeague2_2026;2026;1;2026-02-13;Springvale;Box Hill;1;3;
Australia_VictoriaPremierLeague2_2026;2026;1;2026-02-14;Moreland City;Altona City;2;2;
Australia_VictoriaPremierLeague2_2026;2026;1;2026-02-14;Werribee City;Kingston City;1;2;
Australia_VictoriaPremierLeague2_2026;2026;1;2026-02-14;Malvern;Bayside Argonauts;5;3;
Australia_VictoriaPremierLeague2_2026;2026;1;2026-02-14;Goulburn Valley Suns;Whittlesea United;1;2;
Australia_VictoriaPremierLeague2_2026;2026;2;2026-02-20;Box Hill;Malvern;0;2;
Australia_VictoriaPremierLeague2_2026;2026;2;2026-02-20;Kingston City;Keilor Park;2;1;
Australia_VictoriaPremierLeague2_2026;2026;2;2026-02-20;Eastern Lions;Moreland City;0;1;
Australia_VictoriaPremierLeague2_2026;2026;2;2026-02-20;Springvale;Whittlesea United;0;0;
Australia_VictoriaPremierLeague2_2026;2026;2;2026-02-21;Werribee City;Bayside Argonauts;0;4;
Australia_VictoriaPremierLeague2_2026;2026;2;2026-02-21;Essendon Royals SC;Goulburn Valley Suns;2;3;
Australia_VictoriaPremierLeague2_2026;2026;2;2026-02-21;Altona City;Nunawading City;1;0;
Australia_VictoriaPremierLeague2_2026;2026;3;2026-02-27;Nunawading City;Eastern Lions;3;1;
Australia_VictoriaPremierLeague2_2026;2026;3;2026-02-27;Kingston City;Bayside Argonauts;0;0;
Australia_VictoriaPremierLeague2_2026;2026;3;2026-02-27;Springvale;Essendon Royals SC;1;2;
Australia_VictoriaPremierLeague2_2026;2026;3;2026-02-28;Moreland City;Keilor Park;2;3;
Australia_VictoriaPremierLeague2_2026;2026;3;2026-02-28;Werribee City;Box Hill;3;3;
Australia_VictoriaPremierLeague2_2026;2026;3;2026-02-28;Malvern;Whittlesea United;2;1;
Australia_VictoriaPremierLeague2_2026;2026;3;2026-02-28;Goulburn Valley Suns;Altona City;5;1;
Australia_VictoriaPremierLeague2_2026;2026;4;2026-03-06;Keilor Park;Nunawading City;1;2;
Australia_VictoriaPremierLeague2_2026;2026;4;2026-03-06;Essendon Royals SC;Malvern;1;2;
Australia_VictoriaPremierLeague2_2026;2026;4;2026-03-07;Werribee City;Whittlesea United;1;0;
Australia_VictoriaPremierLeague2_2026;2026;4;2026-03-07;Box Hill;Bayside Argonauts;1;1;
Australia_VictoriaPremierLeague2_2026;2026;4;2026-03-07;Eastern Lions;Goulburn Valley Suns;3;1;
Australia_VictoriaPremierLeague2_2026;2026;4;2026-03-07;Altona City;Springvale;1;2;
Australia_VictoriaPremierLeague2_2026;2026;5;2026-03-13;Nunawading City;Moreland City;0;0;
Australia_VictoriaPremierLeague2_2026;2026;5;2026-03-13;Kingston City;Box Hill;0;4;
Australia_VictoriaPremierLeague2_2026;2026;5;2026-03-13;Springvale;Eastern Lions;2;1;
Australia_VictoriaPremierLeague2_2026;2026;5;2026-03-14;Werribee City;Essendon Royals SC;1;3;
Australia_VictoriaPremierLeague2_2026;2026;5;2026-03-14;Bayside Argonauts;Whittlesea United;2;1;
Australia_VictoriaPremierLeague2_2026;2026;5;2026-03-14;Malvern;Altona City;1;2;
Australia_VictoriaPremierLeague2_2026;2026;5;2026-03-14;Goulburn Valley Suns;Keilor Park;2;4;
Australia_VictoriaPremierLeague2_2026;2026;6;2026-03-20;Nunawading City;Kingston City;2;1;
Australia_VictoriaPremierLeague2_2026;2026;6;2026-03-20;Eastern Lions;Malvern;2;4;
Australia_VictoriaPremierLeague2_2026;2026;6;2026-03-20;Keilor Park;Springvale;3;1;
Australia_VictoriaPremierLeague2_2026;2026;6;2026-03-20;Essendon Royals SC;Bayside Argonauts;1;4;
Australia_VictoriaPremierLeague2_2026;2026;6;2026-03-21;Moreland City;Goulburn Valley Suns;2;5;
Australia_VictoriaPremierLeague2_2026;2026;6;2026-03-21;Altona City;Werribee City;1;1;
Australia_VictoriaPremierLeague2_2026;2026;6;2026-03-21;Whittlesea United;Box Hill;0;0;
Australia_VictoriaPremierLeague2_2026;2026;7;2026-03-27;Box Hill;Essendon Royals SC;1;0;
Australia_VictoriaPremierLeague2_2026;2026;7;2026-03-27;Kingston City;Whittlesea United;2;0;
Australia_VictoriaPremierLeague2_2026;2026;7;2026-03-27;Springvale;Moreland City;0;0;
Australia_VictoriaPremierLeague2_2026;2026;7;2026-03-28;Werribee City;Eastern Lions;2;2;
Australia_VictoriaPremierLeague2_2026;2026;7;2026-03-28;Malvern;Keilor Park;1;0;
Australia_VictoriaPremierLeague2_2026;2026;7;2026-03-28;Altona City;Bayside Argonauts;1;2;
Australia_VictoriaPremierLeague2_2026;2026;7;2026-03-28;Goulburn Valley Suns;Nunawading City;2;0;
Australia_VictoriaPremierLeague2_2026;2026;8;2026-04-10;Keilor Park;Werribee City;2;1;
Australia_VictoriaPremierLeague2_2026;2026;8;2026-04-10;Essendon Royals SC;Whittlesea United;4;3;
Australia_VictoriaPremierLeague2_2026;2026;8;2026-04-11;Moreland City;Malvern;1;4;
Australia_VictoriaPremierLeague2_2026;2026;8;2026-04-11;Nunawading City;Springvale;1;1;
Australia_VictoriaPremierLeague2_2026;2026;8;2026-04-11;Bayside Argonauts;Eastern Lions;0;5;
Australia_VictoriaPremierLeague2_2026;2026;8;2026-04-11;Altona City;Box Hill;0;1;
Australia_VictoriaPremierLeague2_2026;2026;8;2026-04-11;Goulburn Valley Suns;Kingston City;2;0;
Australia_VictoriaPremierLeague2_2026;2026;9;2026-04-17;Box Hill;Eastern Lions;1;1;
Australia_VictoriaPremierLeague2_2026;2026;9;2026-04-17;Kingston City;Essendon Royals SC;0;3;
Australia_VictoriaPremierLeague2_2026;2026;9;2026-04-17;Whittlesea United;Altona City;2;2;
Australia_VictoriaPremierLeague2_2026;2026;9;2026-04-18;Werribee City;Moreland City;3;1;
Australia_VictoriaPremierLeague2_2026;2026;9;2026-04-18;Bayside Argonauts;Keilor Park;2;1;
Australia_VictoriaPremierLeague2_2026;2026;9;2026-04-18;Springvale;Goulburn Valley Suns;1;2;
Australia_VictoriaPremierLeague2_2026;2026;9;2026-04-18;Malvern;Nunawading City;2;1;
Australia_VictoriaPremierLeague2_2026;2026;10;2026-04-24;Keilor Park;Box Hill;1;1;
Australia_VictoriaPremierLeague2_2026;2026;10;2026-04-24;Eastern Lions;Whittlesea United;1;1;
Australia_VictoriaPremierLeague2_2026;2026;10;2026-04-24;Springvale;Kingston City;3;2;
Australia_VictoriaPremierLeague2_2026;2026;10;2026-04-24;Moreland City;Bayside Argonauts;1;4;
Australia_VictoriaPremierLeague2_2026;2026;10;2026-04-25;Nunawading City;Werribee City;1;4;
Australia_VictoriaPremierLeague2_2026;2026;10;2026-04-25;Altona City;Essendon Royals SC;0;2;
Australia_VictoriaPremierLeague2_2026;2026;10;2026-04-25;Goulburn Valley Suns;Malvern;2;2;
Australia_VictoriaPremierLeague2_2026;2026;11;2026-05-01;Box Hill;Moreland City;3;1;
Australia_VictoriaPremierLeague2_2026;2026;11;2026-05-01;Kingston City;Altona City;2;1;
Australia_VictoriaPremierLeague2_2026;2026;11;2026-05-01;Whittlesea United;Keilor Park;4;0;
Australia_VictoriaPremierLeague2_2026;2026;11;2026-05-01;Essendon Royals SC;Eastern Lions;2;1;
Australia_VictoriaPremierLeague2_2026;2026;11;2026-05-02;Werribee City;Goulburn Valley Suns;2;2;
Australia_VictoriaPremierLeague2_2026;2026;11;2026-05-02;Bayside Argonauts;Nunawading City;1;1;
Australia_VictoriaPremierLeague2_2026;2026;11;2026-05-02;Malvern;Springvale;4;1;
Australia_VictoriaPremierLeague2_2026;2026;12;2026-05-08;Keilor Park;Essendon Royals SC;1;0;
Australia_VictoriaPremierLeague2_2026;2026;12;2026-05-08;Eastern Lions;Altona City;0;2;
Australia_VictoriaPremierLeague2_2026;2026;12;2026-05-08;Springvale;Werribee City;1;0;
Australia_VictoriaPremierLeague2_2026;2026;12;2026-05-09;Moreland City;Whittlesea United;1;1;
Australia_VictoriaPremierLeague2_2026;2026;12;2026-05-09;Nunawading City;Box Hill;1;0;
Australia_VictoriaPremierLeague2_2026;2026;12;2026-05-09;Kingston City;Malvern;0;5;
Australia_VictoriaPremierLeague2_2026;2026;12;2026-05-09;Goulburn Valley Suns;Bayside Argonauts;3;1;
Australia_VictoriaPremierLeague2_2026;2026;13;2026-05-15;Nunawading City;Whittlesea United;0;2;
Australia_VictoriaPremierLeague2_2026;2026;13;2026-05-15;Kingston City;Eastern Lions;0;4;
Australia_VictoriaPremierLeague2_2026;2026;13;2026-05-15;Werribee City;Malvern;0;1;
Australia_VictoriaPremierLeague2_2026;2026;13;2026-05-15;Essendon Royals SC;Moreland City;3;1;
Australia_VictoriaPremierLeague2_2026;2026;13;2026-05-16;Box Hill;Goulburn Valley Suns;1;2;
Australia_VictoriaPremierLeague2_2026;2026;13;2026-05-16;Bayside Argonauts;Springvale;0;2;
Australia_VictoriaPremierLeague2_2026;2026;13;2026-05-16;Altona City;Keilor Park;0;1;
Australia_VictoriaPremierLeague2_2026;2026;14;2026-05-22;Box Hill;Springvale;2;1;
Australia_VictoriaPremierLeague2_2026;2026;14;2026-05-22;Kingston City;Werribee City;0;2;
Australia_VictoriaPremierLeague2_2026;2026;14;2026-05-22;Keilor Park;Eastern Lions;1;0;
Australia_VictoriaPremierLeague2_2026;2026;14;2026-05-22;Essendon Royals SC;Nunawading City;5;1;
Australia_VictoriaPremierLeague2_2026;2026;14;2026-05-23;Whittlesea United;Goulburn Valley Suns;0;1;
Australia_VictoriaPremierLeague2_2026;2026;14;2026-05-23;Bayside Argonauts;Malvern;1;2;
Australia_VictoriaPremierLeague2_2026;2026;14;2026-05-23;Altona City;Moreland City;0;1;
Australia_VictoriaPremierLeague2_2026;2026;15;2026-05-29;Nunawading City;Altona City;0;0;
Australia_VictoriaPremierLeague2_2026;2026;15;2026-05-29;Keilor Park;Kingston City;2;0;
Australia_VictoriaPremierLeague2_2026;2026;15;2026-05-29;Malvern;Box Hill;2;1;
Australia_VictoriaPremierLeague2_2026;2026;15;2026-05-30;Moreland City;Eastern Lions;3;3;
Australia_VictoriaPremierLeague2_2026;2026;15;2026-05-30;Goulburn Valley Suns;Essendon Royals SC;1;0;
Australia_VictoriaPremierLeague2_2026;2026;15;2026-05-30;Bayside Argonauts;Werribee City;2;0;
Australia_VictoriaPremierLeague2_2026;2026;15;2026-05-30;Whittlesea United;Springvale;2;0;
Australia_VictoriaPremierLeague2_2026;2026;16;2026-06-05;Box Hill;Werribee City;0;2;
Australia_VictoriaPremierLeague2_2026;2026;16;2026-06-05;Eastern Lions;Nunawading City;2;0;
Australia_VictoriaPremierLeague2_2026;2026;16;2026-06-05;Whittlesea United;Malvern;1;0;
Australia_VictoriaPremierLeague2_2026;2026;16;2026-06-05;Essendon Royals SC;Springvale;8;0;
Australia_VictoriaPremierLeague2_2026;2026;16;2026-06-06;Bayside Argonauts;Kingston City;5;0;
Australia_VictoriaPremierLeague2_2026;2026;16;2026-06-06;Altona City;Goulburn Valley Suns;1;1;
Australia_VictoriaPremierLeague2_2026;2026;17;2026-06-12;Nunawading City;Keilor Park;2;0;
Australia_VictoriaPremierLeague2_2026;2026;17;2026-06-12;Kingston City;Moreland City;2;1;
Australia_VictoriaPremierLeague2_2026;2026;17;2026-06-12;Whittlesea United;Werribee City;4;0;
Australia_VictoriaPremierLeague2_2026;2026;17;2026-06-12;Springvale;Altona City;2;2;
Australia_VictoriaPremierLeague2_2026;2026;17;2026-06-13;Malvern;Essendon Royals SC;2;4;
Australia_VictoriaPremierLeague2_2026;2026;17;2026-06-13;Goulburn Valley Suns;Eastern Lions;2;1;
Australia_VictoriaPremierLeague2_2026;2026;18;2026-06-19;Box Hill;Kingston City;3;1;
Australia_VictoriaPremierLeague2_2026;2026;18;2026-06-19;Eastern Lions;Springvale;0;0;
Australia_VictoriaPremierLeague2_2026;2026;18;2026-06-19;Whittlesea United;Bayside Argonauts;3;4;
Australia_VictoriaPremierLeague2_2026;2026;18;2026-06-19;Essendon Royals SC;Werribee City;3;2;
Australia_VictoriaPremierLeague2_2026;2026;18;2026-06-20;Altona City;Malvern;0;2;
Australia_NPL_NSW_U20_2026;2026;20;2026-06-22;Sydney Olympic U20;Rockdale Ilinden U20;1;3;
Australia_NPL_NSW_U20_2026;2026;20;2026-06-21;Sydney Utd U20;SD Raiders U20;2;2;
Australia_NPL_NSW_U20_2026;2026;20;2026-06-21;Blacktown City U20;APIA Leichhardt U20;0;1;
Australia_NPL_NSW_U20_2026;2026;20;2026-06-21;Marconi S. U20;UNSW U20;3;0;
Australia_NPL_NSW_U20_2026;2026;20;2026-06-21;Wollongong Wolves U20;Sydney FC U20;1;1;
Australia_NPL_NSW_U20_2026;2026;20;2026-06-20;Manly Utd U20;St George Saints U20;1;0;
Australia_NPL_NSW_U20_2026;2026;20;2026-06-20;St. George City U20;NWS Spirit U20;2;3;
Australia_NPL_NSW_U20_2026;2026;20;2026-06-20;WS Wanderers U20;Sutherland U20;2;0;
Australia_NPL_NSW_U20_2026;2026;19;2026-06-14;Rockdale Ilinden U20;SD Raiders U20;2;2;
Australia_NPL_NSW_U20_2026;2026;19;2026-06-13;NWS Spirit U20;Sydney Olympic U20;4;2;
Australia_NPL_NSW_U20_2026;2026;19;2026-06-13;Sutherland U20;Blacktown City U20;6;1;
Australia_NPL_NSW_U20_2026;2026;19;2026-06-13;WS Wanderers U20;St. George City U20;0;2;
Australia_NPL_NSW_U20_2026;2026;19;2026-06-13;Wollongong Wolves U20;APIA Leichhardt U20;1;1;
Australia_NPL_NSW_U20_2026;2026;19;2026-06-13;UNSW U20;St George Saints U20;6;0;
Australia_NPL_NSW_U20_2026;2026;19;2026-06-12;Marconi S. U20;Sydney FC U20;1;2;
Australia_NPL_NSW_U20_2026;2026;19;2026-06-12;Manly Utd U20;Sydney Utd U20;2;2;
Australia_NPL_NSW_U20_2026;2026;17;2026-06-10;Sydney Olympic U20;SD Raiders U20;0;1;
Australia_NPL_NSW_U20_2026;2026;18;2026-06-07;Blacktown City U20;Rockdale Ilinden U20;2;4;
Australia_NPL_NSW_U20_2026;2026;18;2026-06-07;Marconi S. U20;Wollongong Wolves U20;0;1;
Australia_NPL_NSW_U20_2026;2026;18;2026-06-06;SD Raiders U20;UNSW U20;1;0;
Australia_NPL_NSW_U20_2026;2026;18;2026-06-06;St. George City U20;Sydney Olympic U20;4;2;
Australia_NPL_NSW_U20_2026;2026;18;2026-06-06;WS Wanderers U20;Sydney Utd U20;1;5;
Australia_NPL_NSW_U20_2026;2026;18;2026-06-06;St George Saints U20;Sutherland U20;1;4;
Australia_NPL_NSW_U20_2026;2026;18;2026-06-06;APIA Leichhardt U20;Manly Utd U20;4;0;
Australia_NPL_NSW_U20_2026;2026;18;2026-06-05;Sydney FC U20;NWS Spirit U20;1;2;
Australia_NPL_NSW_U20_2026;2026;12;2026-06-03;Sydney Olympic U20;UNSW U20;2;3;
Australia_NPL_NSW_U20_2026;2026;17;2026-05-31;Sydney Utd U20;Sutherland U20;2;0;
Australia_NPL_NSW_U20_2026;2026;17;2026-05-30;NWS Spirit U20;APIA Leichhardt U20;1;2;
Australia_NPL_NSW_U20_2026;2026;17;2026-05-30;Manly Utd U20;Blacktown City U20;0;0;
Australia_NPL_NSW_U20_2026;2026;17;2026-05-30;Marconi S. U20;Rockdale Ilinden U20;3;0;
Australia_NPL_NSW_U20_2026;2026;17;2026-05-30;St George Saints U20;St. George City U20;2;6;
Australia_NPL_NSW_U20_2026;2026;17;2026-05-30;UNSW U20;Wollongong Wolves U20;2;2;
Australia_NPL_NSW_U20_2026;2026;17;2026-05-29;Sydney FC U20;WS Wanderers U20;2;0;
Australia_NPL_NSW_U20_2026;2026;16;2026-05-24;APIA Leichhardt U20;Marconi S. U20;2;1;
Australia_NPL_NSW_U20_2026;2026;16;2026-05-24;Blacktown City U20;Sydney Olympic U20;3;0;
Australia_NPL_NSW_U20_2026;2026;16;2026-05-24;Rockdale Ilinden U20;WS Wanderers U20;5;1;
Australia_NPL_NSW_U20_2026;2026;16;2026-05-24;Wollongong Wolves U20;St George Saints U20;5;1;
Australia_NPL_NSW_U20_2026;2026;16;2026-05-23;Sutherland U20;NWS Spirit U20;2;3;
Australia_NPL_NSW_U20_2026;2026;16;2026-05-23;St. George City U20;Manly Utd U20;0;4;
Australia_NPL_NSW_U20_2026;2026;16;2026-05-23;UNSW U20;Sydney Utd U20;0;7;
Australia_NPL_NSW_U20_2026;2026;15;2026-05-16;NWS Spirit U20;Marconi S. U20;0;0;
Australia_NPL_NSW_U20_2026;2026;15;2026-05-16;Manly Utd U20;Wollongong Wolves U20;3;2;
Australia_NPL_NSW_U20_2026;2026;15;2026-05-16;SD Raiders U20;Sutherland U20;4;5;
Australia_NPL_NSW_U20_2026;2026;15;2026-05-16;St. George City U20;APIA Leichhardt U20;0;3;
Australia_NPL_NSW_U20_2026;2026;15;2026-05-16;WS Wanderers U20;Blacktown City U20;1;2;
Australia_NPL_NSW_U20_2026;2026;15;2026-05-16;St George Saints U20;Sydney Utd U20;1;3;
Australia_NPL_NSW_U20_2026;2026;15;2026-05-16;UNSW U20;Rockdale Ilinden U20;2;1;
Australia_NPL_NSW_U20_2026;2026;15;2026-05-15;Sydney FC U20;Sydney Olympic U20;3;1;
Australia_NPL_NSW_U20_2026;2026;14;2026-05-10;Blacktown City U20;St George Saints U20;5;2;
Australia_NPL_NSW_U20_2026;2026;14;2026-05-10;Rockdale Ilinden U20;Sydney FC U20;0;2;
Australia_NPL_NSW_U20_2026;2026;14;2026-05-09;APIA Leichhardt U20;Sydney Utd U20;2;0;
Australia_NPL_NSW_U20_2026;2026;14;2026-05-09;SD Raiders U20;NWS Spirit U20;2;1;
Australia_NPL_NSW_U20_2026;2026;14;2026-05-09;Marconi S. U20;Sydney Olympic U20;2;1;
Australia_NPL_NSW_U20_2026;2026;14;2026-05-09;St. George City U20;Sutherland U20;1;2;
Australia_NPL_NSW_U20_2026;2026;14;2026-05-09;WS Wanderers U20;Wollongong Wolves U20;0;1;
Australia_NPL_NSW_U20_2026;2026;14;2026-05-08;Manly Utd U20;UNSW U20;3;2;
Australia_NPL_NSW_U20_2026;2026;13;2026-05-03;Sydney Utd U20;Sydney Olympic U20;3;1;
Australia_NPL_NSW_U20_2026;2026;13;2026-05-03;Wollongong Wolves U20;Rockdale Ilinden U20;2;1;
Australia_NPL_NSW_U20_2026;2026;13;2026-05-02;NWS Spirit U20;Manly Utd U20;1;4;
Australia_NPL_NSW_U20_2026;2026;13;2026-05-02;SD Raiders U20;APIA Leichhardt U20;0;1;
Australia_NPL_NSW_U20_2026;2026;13;2026-05-02;Sutherland U20;Marconi S. U20;0;2;
Australia_NPL_NSW_U20_2026;2026;13;2026-05-02;St. George City U20;Sydney FC U20;2;2;
Australia_NPL_NSW_U20_2026;2026;13;2026-05-02;St George Saints U20;WS Wanderers U20;1;5;
Australia_NPL_NSW_U20_2026;2026;13;2026-05-02;UNSW U20;Blacktown City U20;3;4;
Australia_NPL_NSW_U20_2026;2026;12;2026-04-26;APIA Leichhardt U20;St George Saints U20;3;2;
Australia_NPL_NSW_U20_2026;2026;12;2026-04-26;WS Wanderers U20;SD Raiders U20;5;2;
Australia_NPL_NSW_U20_2026;2026;12;2026-04-26;Sydney Utd U20;Wollongong Wolves U20;4;4;
Australia_NPL_NSW_U20_2026;2026;12;2026-04-26;Blacktown City U20;NWS Spirit U20;1;3;
Australia_NPL_NSW_U20_2026;2026;12;2026-04-26;Rockdale Ilinden U20;St. George City U20;3;3;
Australia_NPL_NSW_U20_2026;2026;12;2026-04-25;Marconi S. U20;Manly Utd U20;2;1;
Australia_NPL_NSW_U20_2026;2026;12;2026-04-24;Sydney FC U20;Sutherland U20;1;4;
Australia_NPL_NSW_U20_2026;2026;11;2026-04-19;Manly Utd U20;Rockdale Ilinden U20;2;0;
Australia_NPL_NSW_U20_2026;2026;11;2026-04-19;APIA Leichhardt U20;Sydney Olympic U20;3;0;
Australia_NPL_NSW_U20_2026;2026;11;2026-04-19;Sydney FC U20;Blacktown City U20;5;2;
Australia_NPL_NSW_U20_2026;2026;11;2026-04-19;Wollongong Wolves U20;Sutherland U20;1;1;
Australia_NPL_NSW_U20_2026;2026;11;2026-04-18;NWS Spirit U20;Sydney Utd U20;1;4;
Australia_NPL_NSW_U20_2026;2026;11;2026-04-18;SD Raiders U20;St George Saints U20;3;2;
Australia_NPL_NSW_U20_2026;2026;11;2026-04-18;UNSW U20;WS Wanderers U20;0;2;
Australia_NPL_NSW_U20_2026;2026;11;2026-04-18;St. George City U20;Marconi S. U20;0;6;
Australia_NPL_NSW_U20_2026;2026;3;2026-04-15;Sydney Olympic U20;St. George City U20;0;4;
Australia_NPL_NSW_U20_2026;2026;10;2026-04-12;Sydney Utd U20;St. George City U20;3;1;
Australia_NPL_NSW_U20_2026;2026;10;2026-04-12;Sydney FC U20;St George Saints U20;1;1;
Australia_NPL_NSW_U20_2026;2026;10;2026-04-12;WS Wanderers U20;NWS Spirit U20;1;2;
Australia_NPL_NSW_U20_2026;2026;10;2026-04-12;Blacktown City U20;Wollongong Wolves U20;2;1;
Australia_NPL_NSW_U20_2026;2026;10;2026-04-11;UNSW U20;APIA Leichhardt U20;1;5;
Australia_NPL_NSW_U20_2026;2026;10;2026-04-11;Sydney Olympic U20;Manly Utd U20;0;5;
Australia_NPL_NSW_U20_2026;2026;10;2026-04-11;Sutherland U20;Rockdale Ilinden U20;1;1;
Australia_NPL_NSW_U20_2026;2026;10;2026-04-11;Marconi S. U20;SD Raiders U20;3;0;
Australia_NPL_NSW_U20_2026;2026;9;2026-04-06;Sydney Utd U20;Marconi S. U20;1;0;
Australia_NPL_NSW_U20_2026;2026;9;2026-04-05;Rockdale Ilinden U20;St George Saints U20;2;1;
Australia_NPL_NSW_U20_2026;2026;9;2026-04-04;NWS Spirit U20;UNSW U20;4;1;
Australia_NPL_NSW_U20_2026;2026;9;2026-04-04;SD Raiders U20;Wollongong Wolves U20;1;2;
Australia_NPL_NSW_U20_2026;2026;9;2026-04-04;Sydney Olympic U20;Sutherland U20;2;2;
Australia_NPL_NSW_U20_2026;2026;9;2026-04-04;St. George City U20;Blacktown City U20;5;2;
Australia_NPL_NSW_U20_2026;2026;9;2026-04-03;Manly Utd U20;Sydney FC U20;1;0;
Australia_NPL_NSW_U20_2026;2026;9;2026-04-03;APIA Leichhardt U20;WS Wanderers U20;5;2;
Australia_NPL_NSW_U20_2026;2026;8;2026-03-29;Wollongong Wolves U20;Sydney Olympic U20;1;0;
Australia_NPL_NSW_U20_2026;2026;8;2026-03-29;Blacktown City U20;SD Raiders U20;1;2;
Australia_NPL_NSW_U20_2026;2026;8;2026-03-28;Sutherland U20;Manly Utd U20;1;0;
Australia_NPL_NSW_U20_2026;2026;8;2026-03-28;Rockdale Ilinden U20;Sydney Utd U20;1;5;
Australia_NPL_NSW_U20_2026;2026;8;2026-03-28;UNSW U20;St. George City U20;4;4;
Australia_NPL_NSW_U20_2026;2026;8;2026-03-28;WS Wanderers U20;Marconi S. U20;4;5;
Australia_NPL_NSW_U20_2026;2026;8;2026-03-28;St George Saints U20;NWS Spirit U20;1;2;
Australia_NPL_NSW_U20_2026;2026;8;2026-03-27;Sydney FC U20;APIA Leichhardt U20;1;1;
Australia_NPL_NSW_U20_2026;2026;7;2026-03-22;Sydney Utd U20;Blacktown City U20;5;1;
Australia_NPL_NSW_U20_2026;2026;7;2026-03-21;APIA Leichhardt U20;Sutherland U20;3;2;
Australia_NPL_NSW_U20_2026;2026;7;2026-03-21;NWS Spirit U20;Rockdale Ilinden U20;3;1;
Australia_NPL_NSW_U20_2026;2026;7;2026-03-21;SD Raiders U20;Manly Utd U20;1;0;
Australia_NPL_NSW_U20_2026;2026;7;2026-03-21;Sydney Olympic U20;WS Wanderers U20;1;5;
Australia_NPL_NSW_U20_2026;2026;7;2026-03-21;St. George City U20;Wollongong Wolves U20;4;2;
Australia_NPL_NSW_U20_2026;2026;7;2026-03-21;St George Saints U20;Marconi S. U20;1;2;
Australia_NPL_NSW_U20_2026;2026;7;2026-03-20;Sydney FC U20;UNSW U20;5;1;
Australia_NPL_NSW_U20_2026;2026;5;2026-03-18;NWS Spirit U20;St. George City U20;5;1;
Australia_NPL_NSW_U20_2026;2026;6;2026-03-15;Sydney Utd U20;Sydney FC U20;0;1;
Australia_NPL_NSW_U20_2026;2026;6;2026-03-15;Blacktown City U20;Marconi S. U20;3;2;
Australia_NPL_NSW_U20_2026;2026;6;2026-03-15;Wollongong Wolves U20;NWS Spirit U20;2;2;
Australia_NPL_NSW_U20_2026;2026;6;2026-03-14;Sutherland U20;UNSW U20;0;3;
Australia_NPL_NSW_U20_2026;2026;6;2026-03-14;Sydney Olympic U20;St George Saints U20;1;1;
Australia_NPL_NSW_U20_2026;2026;6;2026-03-14;Rockdale Ilinden U20;APIA Leichhardt U20;0;2;
Australia_NPL_NSW_U20_2026;2026;6;2026-03-14;St. George City U20;SD Raiders U20;0;1;
Australia_NPL_NSW_U20_2026;2026;6;2026-03-13;Manly Utd U20;WS Wanderers U20;2;0;
Australia_NPL_NSW_U20_2026;2026;5;2026-03-08;Sydney FC U20;Wollongong Wolves U20;0;1;
Australia_NPL_NSW_U20_2026;2026;5;2026-03-07;APIA Leichhardt U20;Blacktown City U20;5;0;
Australia_NPL_NSW_U20_2026;2026;5;2026-03-07;SD Raiders U20;Sydney Utd U20;3;5;
Australia_NPL_NSW_U20_2026;2026;5;2026-03-07;Rockdale Ilinden U20;Sydney Olympic U20;2;1;
Australia_NPL_NSW_U20_2026;2026;5;2026-03-07;St George Saints U20;Manly Utd U20;4;2;
Australia_NPL_NSW_U20_2026;2026;5;2026-03-07;UNSW U20;Marconi S. U20;1;1;
Australia_NPL_NSW_U20_2026;2026;5;2026-03-06;Sutherland U20;WS Wanderers U20;2;3;
Australia_NPL_NSW_U20_2026;2026;4;2026-03-01;Blacktown City U20;Sutherland U20;3;2;
Australia_NPL_NSW_U20_2026;2026;4;2026-02-28;APIA Leichhardt U20;Wollongong Wolves U20;3;1;
Australia_NPL_NSW_U20_2026;2026;4;2026-02-28;SD Raiders U20;Rockdale Ilinden U20;1;0;
Australia_NPL_NSW_U20_2026;2026;4;2026-02-28;Sydney Olympic U20;NWS Spirit U20;1;2;
Australia_NPL_NSW_U20_2026;2026;4;2026-02-28;St. George City U20;WS Wanderers U20;0;3;
Australia_NPL_NSW_U20_2026;2026;4;2026-02-28;St George Saints U20;UNSW U20;2;2;
Australia_NPL_NSW_U20_2026;2026;4;2026-02-27;Sydney FC U20;Marconi S. U20;2;0;
Australia_NPL_NSW_U20_2026;2026;4;2026-02-27;Sydney Utd U20;Manly Utd U20;3;2;
Australia_NPL_NSW_U20_2026;2026;3;2026-02-22;Sydney Utd U20;WS Wanderers U20;1;2;
Australia_NPL_NSW_U20_2026;2026;3;2026-02-22;Wollongong Wolves U20;Marconi S. U20;1;1;
Australia_NPL_NSW_U20_2026;2026;3;2026-02-21;NWS Spirit U20;Sydney FC U20;1;2;
Australia_NPL_NSW_U20_2026;2026;3;2026-02-21;Sutherland U20;St George Saints U20;1;1;
Australia_NPL_NSW_U20_2026;2026;3;2026-02-21;UNSW U20;SD Raiders U20;3;0;
Australia_NPL_NSW_U20_2026;2026;3;2026-02-21;Rockdale Ilinden U20;Blacktown City U20;2;0;
Australia_NPL_NSW_U20_2026;2026;3;2026-02-20;Manly Utd U20;APIA Leichhardt U20;1;2;
Australia_NPL_NSW_U20_2026;2026;2;2026-02-15;Rockdale Ilinden U20;Marconi S. U20;1;1;
Australia_NPL_NSW_U20_2026;2026;2;2026-02-15;Wollongong Wolves U20;UNSW U20;1;3;
Australia_NPL_NSW_U20_2026;2026;2;2026-02-14;Sutherland U20;Sydney Utd U20;2;3;
Australia_NPL_NSW_U20_2026;2026;2;2026-02-14;SD Raiders U20;Sydney Olympic U20;4;2;
Australia_NPL_NSW_U20_2026;2026;2;2026-02-14;Blacktown City U20;Manly Utd U20;2;3;
Australia_NPL_NSW_U20_2026;2026;2;2026-02-14;St. George City U20;St George Saints U20;2;1;
Australia_NPL_NSW_U20_2026;2026;2;2026-02-14;WS Wanderers U20;Sydney FC U20;2;2;
Australia_NPL_NSW_U20_2026;2026;2;2026-02-14;APIA Leichhardt U20;NWS Spirit U20;3;0;
Australia_NPL_NSW_U20_2026;2026;1;2026-02-08;WS Wanderers U20;Rockdale Ilinden U20;1;0;
Australia_NPL_NSW_U20_2026;2026;1;2026-02-08;Sydney Olympic U20;Blacktown City U20;0;3;
Australia_NPL_NSW_U20_2026;2026;1;2026-02-08;Sydney Utd U20;UNSW U20;5;0;
Australia_NPL_NSW_U20_2026;2026;1;2026-02-07;NWS Spirit U20;Sutherland U20;1;0;
Australia_NPL_NSW_U20_2026;2026;1;2026-02-07;Marconi S. U20;APIA Leichhardt U20;0;1;
Australia_NPL_NSW_U20_2026;2026;1;2026-02-07;St George Saints U20;Wollongong Wolves U20;2;4;
Australia_NPL_NSW_U20_2026;2026;1;2026-02-06;Manly Utd U20;St. George City U20;2;1;
Australia_NPL_NSW_U20_2026;2026;1;2026-02-06;Sydney FC U20;SD Raiders U20;3;1;